step,position_x,position_y,position_z,orientation_x,orientation_y,orientation_z,orientation_w,grippers
1,0.5453811199,0.0014929109,-0.2148530189,0.9998897638,0.013996839,-0.0008303769,0.0048845831,0
2,0.55214845,-0.0058646411,0.4982105904,-0.9999225236,-0.0098007964,0.007613664,0.0009609389,0
